experiment,architecture,image_size,accuracy,f1_score,mcc,precision,recall
VGG16_FT,VGG,224x224,0.9821339950372209,0.9821905048134393,0.9764013542334049,0.9829858906044348,0.9821339950372209
RESNET50_FT,RESNET,224x224,0.9861042183622829,0.9860929017655743,0.9815640786320211,0.9864033763309971,0.9861042183622829
XCEPTION_FT,XCEPTION,299x299,0.9771712158808933,0.9771763135421265,0.9695837138360773,0.9773322643647516,0.9771712158808933
